ID,NOMBRE,TELEFONO
1,Jeffrey Soto,(359) 915-9908
2,Mae Hamilton,(903) 211-2541
3,Sue Park,(375) 377-4802
4,Georgie Park,(683) 954-5294
5,Bryan Jenkins,(652) 919-2592
6,John Munoz,(881) 755-8136
7,Carrie Colon,(572) 480-2586
8,Isaac Powers,(719) 595-6775
9,Stella Sparks,(339) 493-9908
10,Rosetta Moore,(343) 807-2533
11,Lillian Cobb,(458) 255-5796
12,Hallie Thornton,(337) 589-6898
13,Barry Freeman,(982) 872-1156
14,Teresa Perry,(480) 891-6664
15,Bernard Johnson,(653) 588-7832
16,Harry Paul,(421) 532-8320
17,John Farmer,(553) 329-8235
18,Roxie Moss,(735) 548-8899
19,Matthew Garrett,(307) 250-1463
20,Seth Daniels,(846) 598-8023
21,Cecilia Patton,(960) 725-4822
22,Madge Graves,(201) 887-9523
23,Mabel Stanley,(242) 845-7331
24,Danny Powers,(233) 528-2697
25,Ina Mendez,(812) 862-9069
26,Duane Watkins,(355) 314-2426
27,Jason Barton,(247) 345-5543
28,Susie Fisher,(884) 522-3728
29,Edith Swanson,(579) 298-2345
30,Joel Rhodes,(575) 906-7488
31,Etta Stewart,(608) 426-7903
32,Hilda Lawrence,(827) 837-5660
33,Allie Freeman,(711) 409-8687
34,Mathilda Wilkins,(662) 791-3157
35,Allen Simpson,(789) 341-7582
36,Amelia Morrison,(841) 236-6907
37,Maurice Horton,(836) 936-1901
38,Margaret Norris,(448) 900-4589
39,Gussie Greer,(804) 793-6534
40,Douglas Collins,(881) 955-8056
41,Inez Doyle,(501) 938-1749
42,Logan Fisher,(854) 896-3630
43,Frances Rowe,(943) 226-5775
44,Phillip Johnson,(351) 478-6366
45,Joel Sutton,(414) 656-1505
46,Elizabeth Gibson,(436) 901-1609
47,Dustin McCarthy,(642) 527-7787
48,Linnie Lamb,(745) 364-5223
49,Allie Saunders,(257) 829-5373
50,Sadie Edwards,(438) 401-5310
51,Travis Ortiz,(421) 677-9511
52,Edgar Fisher,(779) 397-4179
53,Bertha Rodgers,(879) 936-2194
54,Ivan Ramirez,(235) 249-9764
55,Eugenia Sparks,(311) 252-3957
56,Johnny Goodman,(448) 476-7809
57,Lelia Nelson,(356) 247-7904
58,Sara Boone,(523) 567-9695
59,Edith Salazar,(236) 236-3138
60,Mathilda Young,(460) 265-2822
61,Clara Reyes,(329) 790-6266
62,Elizabeth Guerrero,(713) 866-2695
63,Amanda Walters,(307) 759-1303
64,Ada Atkins,(853) 529-2146
65,Margaret Barnett,(419) 263-4590
66,Mabelle Lawrence,(347) 247-1193
67,Etta Bailey,(502) 844-6182
68,Maud Dennis,(864) 555-2766
69,Estelle Bennett,(406) 659-6387
70,Victor Walton,(482) 570-3758
71,Ronnie Williamson,(784) 914-8717
72,Antonio Dunn,(759) 314-8193
73,Olive Pearson,(710) 821-3771
74,Barbara Ford,(356) 565-9012
75,Bill Berry,(402) 295-9875
76,Kenneth Alvarez,(670) 720-3944
77,Randall Bryant,(613) 869-1250
78,Franklin Phillips,(232) 543-2113
79,Irene Manning,(382) 423-8700
80,Mike Rivera,(483) 898-9992
81,Trevor Mills,(460) 905-9545
82,Ricky Clarke,(356) 663-4459
83,Jim McCormick,(708) 536-1993
84,Raymond Pratt,(623) 326-4097
85,Georgia Christensen,(829) 885-1841
86,Micheal Lambert,(378) 964-1371
87,Phillip Quinn,(332) 619-4970
88,Francisco Bishop,(816) 289-4232
89,William May,(728) 781-7533
90,Leah Rogers,(656) 476-7758
91,James Gonzalez,(911) 978-4140
92,Jessie Ramirez,(956) 462-7717
93,Daisy Holt,(601) 818-7490
94,Allen Higgins,(364) 278-8989
95,Marvin Fitzgerald,(914) 235-6977
